<?xml version="1.0" encoding="UTF-8"?>
<project-private xmlns="http://www.netbeans.org/ns/project-private/1">
    <editor-bookmarks xmlns="http://www.netbeans.org/ns/editor-bookmarks/2" lastBookmarkId="0"/>
    <open-files xmlns="http://www.netbeans.org/ns/projectui-open-files/2">
        <group>
            <file>file:/home/alexandre/MEGA/ifes/disciplinas/tecnico-noturno/Linguagem-de-programação/2017/introducao/ControleEstoque/src/controleestoque/ControleEstoque.java</file>
            <file>file:/home/alexandre/MEGA/ifes/disciplinas/tecnico-noturno/Linguagem-de-programação/2017/introducao/ControleEstoque/src/controleestoque/fronteiras/CadastroItemCompra.java</file>
            <file>file:/home/alexandre/MEGA/ifes/disciplinas/tecnico-noturno/Linguagem-de-programação/2017/introducao/ControleEstoque/src/controleestoque/fronteiras/CadastroCompra.java</file>
            <file>file:/home/alexandre/MEGA/ifes/disciplinas/tecnico-noturno/Linguagem-de-programação/2017/introducao/ControleEstoque/src/controleestoque/fronteiras/MenuPrincipal.java</file>
            <file>file:/home/alexandre/MEGA/ifes/disciplinas/tecnico-noturno/Linguagem-de-programação/2017/introducao/ControleEstoque/src/controleestoque/armazenamento/ArmazenamentoCompra.java</file>
            <file>file:/home/alexandre/MEGA/ifes/disciplinas/tecnico-noturno/Linguagem-de-programação/2017/introducao/ControleEstoque/src/controleestoque/fronteiras/CadastroProduto.java</file>
            <file>file:/home/alexandre/MEGA/ifes/disciplinas/tecnico-noturno/Linguagem-de-programação/2017/introducao/ControleEstoque/src/controleestoque/armazenamento/ArmazenamentoItemCompra.java</file>
            <file>file:/home/alexandre/MEGA/ifes/disciplinas/tecnico-noturno/Linguagem-de-programação/2017/introducao/ControleEstoque/src/controleestoque/entidades/Compra.java</file>
        </group>
    </open-files>
</project-private>
